UserID;OrganizationID;DivisionsID;MinDivisionsID;PostID;Surname;Name;Middlename;Date;Phone;CabinetID;Email
1;1;1;;1;Белоусов;Семен;Агафонович;25.04.1971;+7 (179) 370-26-88;1;белоусов@гкдр.ру
2;1;1;;2;Матвеев;Вадим;Юрьевич;20.06.1989;+7 (711) 977-16-52;1;матвеев@гкдр.ру
3;1;2;;3;Ермакова;Юнона;Руслановна;14.04.1979;+7 (210) 088-64-36;2;ермакова@гкдр.ру
4;1;2;;4;Евсеева;Генриетта;Дмитриевна;18.05.1967;+7 (904) 027-35-92;2;евсеева@гкдр.ру
5;1;2;;4;Шарапова;Дария;Андреевна;21.08.1971;+7 (212) 625-28-08;2;шарапова@гкдр.ру
6;1;3;;3;Кузьмина;Галина;Максовна;15.01.1969;+7 (370) 519-03-10;3;кузьмина@гкдр.ру
7;1;3;;5;Гурьева;Янина;Тимофеевна;29.12.1964;+7 (401) 189-86-51;3;гурьева@гкдр.ру
8;1;3;;6;Большакова;Снежана;Тарасовна;23.05.1984;+7 (223) 503-67-44;3;большакова@гкдр.ру
9;1;3;;4;Миронова;Диша;Митрофановна;15.12.1977;+7 (084) 252-77-53;3;миронова@гкдр.ру
10;1;3;;4;Жданова;Виоланта;Иосифовна;13.05.1996;+7 (900) 353-41-72;3;жданова@гкдр.ру
11;1;4;;3;Колесников;Анатолий;Владленович;26.02.1990;+7 (438) 363-52-14;2;колесников@гкдр.ру
12;1;4;;4;Мухин;Флор;Иванович;31.10.1975;+7 (487) 123-91-17;2;мухин@гкдр.ру
13;1;5;;7;Воронова;Устинья;Митрофановна;07.08.1999;+7 (708) 393-49-39;4;воронова@гкдр.ру
14;1;5;;3;Ковалёва;Муза;Тарасовна;26.01.1964;+7 (624) 457-34-25;4;ковалёва@гкдр.ру
15;1;6;7;3;Крылов;Флор;Максович;07.10.1996;+7 (902) 340-55-48;4;крылов@гкдр.ру
16;1;6;7;4;Зимин;Илья;Серапионович;02.05.1971;+7 (565) 435-79-80;4;зимин@гкдр.ру
17;1;6;6;8;Зайцев;Парамон;Феликсович;15.10.1984;+7 (454) 252-05-25;5;зайцев@гкдр.ру
18;1;6;6;9;Маслов;Модест;Дамирович;27.04.1968;+7 (664) 602-03-71;5;маслов@гкдр.ру
19;1;6;6;9;Исаков;Велорий;Витальевич;26.06.1960;+7 (098) 359-34-95;5;исаков@гкдр.ру
20;1;6;6;9;Шашков;Донат;Владленович;08.01.1980;+7 (051) 523-43-73;5;шашков@гкдр.ру
21;1;6;6;10;Тарасов;Эрнест;Якунович;22.06.1988;+7 (131) 790-43-24;5;тарасов@гкдр.ру
22;1;6;6;11;Зимин;Лев;Евсеевич;25.09.1998;+7 (609) 728-78-87;5;зимин@гкдр.ру
23;1;6;6;5;Суханов;Эрнест;Петрович;23.04.1966;+7 (342) 350-52-75;5;суханов@гкдр.ру
24;1;6;6;6;Харитонов;Любомир;Андреевич;29.05.2001;+7 (933) 010-23-01;5;харитонов@гкдр.ру
25;1;6;6;13;Евдокимов;Павел;Пётрович;20.01.1997;+7 (676) 507-65-30;5;евдокимов@гкдр.ру
26;1;8;;6;Кулагин;Аввакум;Альбертович;25.04.1983;+7 (091) 411-45-67;6;кулагин@гкдр.ру
27;1;8;;11;Рогов;Май;Филатович;06.04.1967;+7 (046) 142-05-62;6;рогов@гкдр.ру
28;1;9;;6;Фролов;Мартин;Константинович;07.08.2002;+7 (604) 952-64-10;7;фролов@гкдр.ру
29;1;9;;14;Копылов;Власий;Валентинович;03.07.2000;+7 (710) 970-74-65;7;копылов@гкдр.ру
30;1;9;;14;Воронцов;Мстислав;Лаврентьевич;08.04.1968;+7 (154) 776-83-19;7;воронцов@гкдр.ру
31;1;9;;14;Стрелков;Аркадий;Никитевич;02.06.1990;+7 (938) 736-81-71;7;стрелков@гкдр.ру
32;1;9;;14;Кононов;Август;Германнович;29.04.1968;+7 (812) 849-39-84;7;кононов@гкдр.ру
33;1;9;;14;Горбачёв;Глеб;Мэлсович;07.11.1974;+7 (626) 861-82-67;7;горбачёв@гкдр.ру
34;1;9;;14;Беляев;Тарас;Владленович;15.07.2001;+7 (909) 176-65-42;7;беляев@гкдр.ру
35;2;10;;15;Селезнёва;Мэри;Фроловна;22.12.2002;+7 (956) 710-49-22;8;селезнёва@гкдр.ру
36;2;10;;16;Филиппова;Аза;Николаевна;23.05.1989;+7 (163) 312-43-14;8;филиппова@гкдр.ру
37;2;11;;8;Галкина;Эрика;Лукьяновна;26.11.1969;+7 (567) 060-46-69;9;галкина@гкдр.ру
38;2;11;;3;Лихачёва;Динара;Георгьевна;04.12.1990;+7 (624) 064-06-24;9;лихачёва@гкдр.ру
39;2;11;;6;Лобанова;Дебора;Владимировна;25.06.1970;+7 (318) 827-54-60;9;лобанова@гкдр.ру
40;2;11;;6;Коновалова;Карина;Анатольевна;25.07.1982;+7 (800) 239-60-38;9;коновалова@гкдр.ру
41;2;12;;8;Дьячков;Гордей;Юрьевич;10.12.1992;+7 (462) 807-37-94;10;дьячков@гкдр.ру
42;2;12;;17;Дементьев;Людвиг;Дмитриевич;30.10.1984;+7 (232) 050-93-59;10;дементьев@гкдр.ру
43;2;12;;3;Тетерин;Терентий;Артёмович;25.03.1979;+7 (855) 470-76-70;10;тетерин@гкдр.ру
44;2;12;;6;Шарапов;Нинель;Артемович;29.05.2001;+7 (064) 865-03-57;10;шарапов@гкдр.ру
45;2;13;;18;Быкова;Роксалана;Евгеньевна;10.05.1995;+7 (640) 077-77-65;3;быкова@гкдр.ру
46;2;13;;3;Карпова;Берта;Васильевна;26.01.1989;+7 (424) 549-00-75;3;карпова@гкдр.ру
47;2;13;;6;Князева;Эрида;Михайловна;09.02.1985;+7 (476) 265-08-34;3;князева@гкдр.ру
48;2;13;;6;Боброва;Анэля;Григорьевна;19.07.1961;+7 (197) 497-66-92;3;боброва@гкдр.ру
49;3;14;;19;Ефремов;Вальтер;Платонович;12.03.1999;+7 (210) 001-40-01;11;ефремов@гкдр.ру
50;3;14;;20;Смирнов;Аввакум;Проклович;07.04.2001;+7 (234) 327-27-37;12;смирнов@гкдр.ру
51;3;14;;21;Сидорова;Богдана;Степановна;01.03.1992;+7 (333) 007-73-86;12;сидорова@гкдр.ру
52;3;14;;22;Медведева;Анфиса;Куприяновна;22.06.1968;+7 (352) 984-89-47;12;медведева@гкдр.ру
53;3;14;;23;Соколова;Злата;Донатовна;11.05.1976;+7 (263) 295-98-84;12;соколова@гкдр.ру
54;3;14;;24;Максимова;Антонина;Наумовна;29.09.1988;+7 (059) 049-11-97;12;максимова@гкдр.ру
55;3;14;;25;Емельянова;Лали;Адольфовна;18.11.1974;+7 (643) 148-48-83;12;емельянова@гкдр.ру
56;3;14;;26;Лобанов;Андрей;Владленович;13.05.1985;+7 (749) 358-03-33;12;лобанов@гкдр.ру
57;3;14;;27;Бирюков;Валерий;Леонидович;20.08.1977;+7 (882) 562-21-24;11;бирюков@гкдр.ру
58;3;14;;28;Рябов;Влас;Богданович;07.04.1978;+7 (673) 157-65-87;12;рябов@гкдр.ру
59;3;14;;29;Мельников;Модест;Тихонович;14.04.1961;+7 (480) 955-36-17;12;мельников@гкдр.ру
60;4;15;15;30;Никифорова;Любава;Васильевна;21.02.1967;+7 (890) 112-51-51;13;никифорова@гкдр.ру
61;4;16;17;14;Денисова;Веселина;Демьяновна;19.01.1965;+7 (606) 810-72-96;14;денисова@гкдр.ру
62;4;16;18;14;Лобанова;Георгина;Евсеевна;02.03.1972;+7 (760) 683-71-57;13;лобанова@гкдр.ру
63;4;19;20;3;Калашникова;Маргарита;Адольфовна;25.03.1977;+7 (567) 984-10-59;9;калашникова@гкдр.ру
64;4;19;20;32;Корнилов;Давид;Михайлович;12.05.1965;+7 (535) 508-09-63;9;корнилов@гкдр.ру
65;4;19;21;32;Мишина;Сабрина;Всеволодовна;05.11.1979;+7 (123) 099-67-67;14;мишина@гкдр.ру
66;4;19;21;6;Давыдова;Крис;Алексеевна;21.05.1967;+7 (086) 732-87-28;14;давыдова@гкдр.ру
67;4;19;21;31;Тетерина;Сабрина;Евсеевна;30.10.1983;+7 (305) 078-20-93;14;тетерина@гкдр.ру
68;4;19;19;32;Мишина;Зоряна;Семёновна;17.05.1980;+7 (941) 758-60-21;14;мишина@гкдр.ру
69;5;22;22;30;Филиппова;Ирэн;Рудольфовна;03.04.2002;+7 (791) 893-63-24;13;филиппова@гкдр.ру
70;5;23;24;14;Сорокина;Виктория;Альбертовна;27.06.1965;+7 (256) 543-71-97;14;сорокина@гкдр.ру
71;5;23;25;33;Фролова;Эрида;Юлиановна;24.12.1964;+7 (382) 787-58-02;14;фролова@гкдр.ру
72;5;23;26;14;Дементьева;Дарьяна;Пантелеймоновна;06.08.1977;+7 (772) 653-55-16;15;дементьева@гкдр.ру
73;5;23;26;34;Денисова;Эдилия;Святославовна;29.07.1983;+7 (661) 640-32-15;15;денисова@гкдр.ру
74;5;23;26;12;Борисова;Варвара;Богуславовна;25.10.1988;+7 (625) 163-29-48;15;борисова@гкдр.ру
75;5;23;27;14;Сафонова;Алина;Михайловна;15.07.1993;+7 (949) 247-53-70;16;сафонова@гкдр.ру
76;5;28;;14;Моисеев;Павел;Витальевич;29.03.1990;+7 (395) 842-89-60;17;моисеев@гкдр.ру
77;5;28;;14;Денисова;Альжбета;Валерьевна;29.06.1967;+7 (405) 652-62-30;17;денисова@гкдр.ру
78;6;;;7;Калинина;Лариса;Улебовна;14.04.1975;+7 (459) 094-61-74;16;калинина@гкдр.ру
79;6;;;12;Громова;Роксалана;Егоровна;17.03.1961;+7 (790) 385-88-79;16;громова@гкдр.ру
80;6;;;6;Авдеева;Лика;Лаврентьевна;15.10.1969;+7 (905) 571-85-23;16;авдеева@гкдр.ру
81;7;;;17;Фадеева;Юлиана;Святославовна;22.02.1966;+7 (325) 978-22-94;18;фадеева@гкдр.ру
82;7;;;35;Королёва;Диана;Созоновна;01.04.1979;+7 (198) 515-56-04;18;королёва@гкдр.ру
83;7;;;6;Михеева;Георгина;Борисовна;03.07.1983;+7 (951) 095-81-15;18;михеева@гкдр.ру
84;7;;;36;Михеева;Георгина;Борисовна;28.05.1971;+7 (818) 456-17-32;18;михеева@гкдр.ру
85;8;;;35;Савельева;Диша;Данииловна;28.01.1986;+7 (145) 189-60-52;15;савельева@гкдр.ру
86;8;;;14;Щербакова;Лира;Витальевна;26.03.1965;+7 (066) 097-49-63;15;щербакова@гкдр.ру
87;8;;;12;Калинина;Радмила;Пётровна;29.12.1960;+7 (041) 340-67-42;15;калинина@гкдр.ру
88;8;;;12;Харитонова;Видана;Николаевна;07.09.1962;+7 (686) 601-90-65;15;харитонова@гкдр.ру
89;8;;;12;Рожкова;Сильвия;Мартыновна;18.10.1974;+7 (141) 793-69-11;15;рожкова@гкдр.ру
90;9;29;;5;Нестерова;Данна;Игнатьевна;28.12.1982;+7 (383) 545-59-27;19;нестерова@гкдр.ру
91;9;29;;5;Корнилова;Ангелина;Алексеевна;07.06.1977;+7 (195) 929-02-05;19;корнилова@гкдр.ру
92;9;29;;6;Аксёнова;Мирра;Григорьевна;28.12.1978;+7 (614) 995-85-89;19;аксёнова@гкдр.ру
93;9;30;;5;Фадеева;Влада;Семёновна;17.02.1987;+7 (060) 326-14-90;20;фадеева@гкдр.ру
94;9;30;;5;Кононова;Майя;Максовна;10.12.1979;+7 (673) 181-26-22;20;кононова@гкдр.ру
95;10;;;17;Некрасова;Лилу;Константиновна;29.06.1995;+7 (885) 634-33-04;18;некрасова@гкдр.ру
96;10;;;11;Баранова;Диана;Леонидовна;28.01.1989;+7 (174) 853-49-83;18;баранова@гкдр.ру
97;10;;;6;Гришина;Азалия;Агафоновна;11.11.1999;+7 (017) 495-66-09;18;гришина@гкдр.ру
98;10;;;37;Архипова;Наталья;Юрьевна;06.09.1967;+7 (325) 282-73-59;18;архипова@гкдр.ру
99;11;31;;38;Рожкова;Мила;Кирилловна;29.10.1969;+7 (644) 679-57-32;21;рожкова@гкдр.ру
100;11;31;;38;Богданова;Эллада;Георгиевна;28.05.1997;+7 (366) 341-61-81;21;богданова@гкдр.ру
101;11;31;;38;Яковлева;Аделия;Геласьевна;09.07.1960;+7 (990) 358-79-57;21;яковлева@гкдр.ру
102;11;31;;38;Соловьёва;Габриэлла;Созоновна;18.12.1969;+7 (298) 353-76-77;21;соловьёва@гкдр.ру
103;11;31;;39;Щукина;Розалина;Витальевна;04.05.1992;+7 (041) 888-17-81;21;щукина@гкдр.ру
104;11;31;;40;Никитина;Азалия;Алексеевна;02.06.1983;+7 (379) 582-61-58;21;никитина@гкдр.ру
105;11;31;;41;Дроздова;Береслава;Максимовна;27.10.1962;+7 (812) 542-65-16;21;дроздова@гкдр.ру
106;11;31;;42;Галкина;Божена;Филипповна;31.03.1974;+7 (120) 462-91-94;21;галкина@гкдр.ру
107;11;31;;42;Казакова;Земфира;Федосеевна;20.03.1967;+7 (312) 173-95-22;21;казакова@гкдр.ру
108;11;32;33;43;Доронина;Эдуарда;Дмитрьевна;12.07.1972;+7 (398) 556-52-52;20;доронина@гкдр.ру
109;11;32;33;43;Гурьева;Фанни;Андреевна;07.04.1965;+7 (192) 794-90-18;20;гурьева@гкдр.ру
110;11;32;33;43;Кононова;Нонна;Анатольевна;03.03.1988;+7 (049) 956-85-86;20;кононова@гкдр.ру
111;11;32;34;3;Блинова;Милослава;Андреевна;21.05.1969;+7 (134) 370-87-86;22;блинова@гкдр.ру
112;11;32;34;44;Щукина;Владислава;Альбертовна;04.02.1968;+7 (441) 380-03-70;22;щукина@гкдр.ру
113;11;32;34;43;Громова;Архелия;Святославовна;26.08.1983;+7 (834) 538-57-98;22;громова@гкдр.ру
114;11;32;34;43;Соколова;Фанни;Григорьевна;28.11.2002;+7 (787) 780-96-88;22;соколова@гкдр.ру
115;11;32;35;45;Веселова;Регина;Натановна;27.05.1980;+7 (695) 489-78-71;23;веселова@гкдр.ру
116;11;32;35;6;Субботина;Инга;Васильевна;17.08.1985;+7 (955) 709-44-45;23;субботина@гкдр.ру
117;12;36;;11;Исаков;Аполлон;Ефимович;02.05.1998;+7 (952) 550-14-44;20;исаков@гкдр.ру
118;12;37;;35;Галкин;Никифор;Евсеевич;13.01.1975;+7 (270) 482-96-24;22;галкин@гкдр.ру
119;12;37;;30;Харитонова;Ангелина;Мэлоровна;21.06.1990;+7 (800) 847-84-22;22;харитонова@гкдр.ру
